{
    "path": [
        "Acknowledged Pawn",
        "Components",
        "GbxSkeletalMeshComponent CharacterMesh0",
        "Properties",
        "AttachChildren",
        "SkeletalMeshComponent PhaseCast_Body"
    ],
    "state": {
        "hand": 1,
        "location_offset": {
            "x": 0.0,
            "y": 0.0,
            "z": 0.0
        },
        "permanent": true,
        "rotation_offset": {
            "w": 1.0,
            "x": 0.0,
            "y": 0.0,
            "z": 0.0
        }
    },
    "type": "motion_controller"
}