{
    "path": [
        "Player Controller",
        "Properties",
        "Pawn",
        "Properties",
        "BlueprintCreatedComponents",
        "StaticMeshComponent DLCActionSkillDevice1st"
    ],
    "state": {
        "hand": 0,
        "location_offset": {
            "x": 0.0,
            "y": 0.0,
            "z": 0.0
        },
        "permanent": true,
        "rotation_offset": {
            "w": 1.0,
            "x": 0.0,
            "y": 0.0,
            "z": 0.0
        }
    },
    "type": "motion_controller"
}